epoch,loss,lr,output_layer_1_csi133,output_layer_1_csi74,output_layer_1_loss,output_layer_1_pod133,output_layer_1_pod74,output_layer_1_sucr133,output_layer_1_sucr74,output_layer_csi133,output_layer_csi74,output_layer_loss,output_layer_pod133,output_layer_pod74,output_layer_sucr133,output_layer_sucr74,val_loss,val_output_layer_1_csi133,val_output_layer_1_csi74,val_output_layer_1_loss,val_output_layer_1_pod133,val_output_layer_1_pod74,val_output_layer_1_sucr133,val_output_layer_1_sucr74,val_output_layer_csi133,val_output_layer_csi74,val_output_layer_loss,val_output_layer_pod133,val_output_layer_pod74,val_output_layer_sucr133,val_output_layer_sucr74
0,2.439934092362722,0.00056250003,5.3579406e-06,5.7640507e-05,1.7402115,5.358116e-06,5.7643396e-05,0.9812087,0.89275503,5.3579406e-06,5.7640507e-05,0.69972277,5.358116e-06,5.7643396e-05,0.9812087,0.89275503,4.706984681288401,5.501214e-12,1.6340015e-12,3.6768274,5.501214e-12,1.6340015e-12,1.0,1.0,5.501214e-12,1.6340015e-12,1.0301571,5.501214e-12,1.6340015e-12,1.0,1.0
1,2.0597819038232164,0.001,1.2232255e-05,0.00024745634,1.4541044,1.2233293e-05,0.00024746882,0.9783099,0.886299,1.2232255e-05,0.00024745634,0.60567755,1.2233293e-05,0.00024746882,0.9783099,0.886299,4.548936135371526,4.7252342e-06,6.589841e-05,3.5180826,4.7252547e-06,6.589872e-05,0.99881446,0.98239124,4.7252342e-06,6.589841e-05,1.0308533,4.7252547e-06,6.589872e-05,0.99881446,0.98239124
2,1.9483410652478537,0.001,3.453156e-05,0.000874305,1.4052008,3.4532597e-05,0.0008744227,0.9691057,0.8942373,3.453156e-05,0.000874305,0.5431403,3.4532597e-05,0.0008744227,0.9691057,0.8942373,3.9074880480766296,8.590127e-06,0.0010033266,2.9758615,8.590414e-06,0.0010033499,0.99481463,0.97635776,8.590127e-06,0.0010033266,0.93162614,8.590414e-06,0.0010033499,0.99481463,0.97635776
3,1.8586482538779578,0.001,6.2493564e-05,0.0026026235,1.3696873,6.249493e-05,0.0026033903,0.9499868,0.9171126,6.2493564e-05,0.0026026235,0.48896086,6.249493e-05,0.0026033903,0.9499868,0.9171126,3.541060732603073,0.0014329692,0.022875618,2.7568398,0.0014330549,0.022886638,0.9640621,0.9791715,0.0014329692,0.022875618,0.78422105,0.0014330549,0.022886638,0.9640621,0.9791715
4,1.7815112249056497,0.001,0.00012937686,0.007562508,1.3477235,0.00012939273,0.0075689848,0.8867163,0.926095,0.00012937686,0.007562508,0.43378764,0.00012939273,0.0075689848,0.8867163,0.926095,3.1459626217683154,0.06854286,0.15880889,2.6381958,0.0693133,0.16165203,0.86566424,0.90167594,0.06854286,0.15880889,0.5077665,0.0693133,0.16165203,0.86566424,0.90167594
5,1.7262278662125268,0.001,0.00055582065,0.021577986,1.3448168,0.00055625534,0.021629436,0.8525761,0.93079853,0.00055582065,0.021577986,0.38141102,0.00055625534,0.021629436,0.8525761,0.93079853,2.8747891541322073,0.058623157,0.3082543,2.485764,0.05921484,0.32277897,0.86002326,0.8731728,0.058623157,0.3082543,0.38902506,0.05921484,0.32277897,0.86002326,0.8731728
6,1.6906490286191305,0.001,0.001520008,0.056138918,1.3516412,0.001520924,0.05657714,0.8611855,0.91644764,0.001520008,0.056138918,0.3390079,0.001520924,0.05657714,0.8611855,0.91644764,3.1966362694899244,0.27139032,0.502974,2.8305733,0.44673342,0.6769619,0.4144002,0.66238236,0.27139032,0.502974,0.366063,0.44673342,0.6769619,0.4144002,0.66238236
7,1.6353547834356625,0.001,0.0054159965,0.115061454,1.3349526,0.0054291505,0.117809,0.86979973,0.88621867,0.0054159965,0.115061454,0.30040216,0.0054291505,0.117809,0.86979973,0.88621867,2.929713432391485,0.25668636,0.4904589,2.5825078,0.3879414,0.6538838,0.44191742,0.6630994,0.25668636,0.4904589,0.34720576,0.3879414,0.6538838,0.44191742,0.6630994
8,1.6051847422122956,0.001,0.012651598,0.18461592,1.3313711,0.012715254,0.19330785,0.8828676,0.8447256,0.012651598,0.18461592,0.2738136,0.012715254,0.19330785,0.8828676,0.8447256,2.887098817030589,0.2866214,0.4993661,2.587438,0.38489717,0.6239769,0.5347886,0.71413225,0.2866214,0.4993661,0.29966062,0.38489717,0.6239769,0.5347886,0.71413225
9,1.5669090100129446,0.001,0.023143223,0.24685735,1.312713,0.023408826,0.2651317,0.8563362,0.81401956,0.023143223,0.24685735,0.25419617,0.023408826,0.2651317,0.8563362,0.81401956,2.8415399563312533,0.16378683,0.39142743,2.4883676,0.17402989,0.4202547,0.74652684,0.8508587,0.16378683,0.39142743,0.35317212,0.17402989,0.4202547,0.74652684,0.8508587
10,1.5676264468828838,0.001,0.036622852,0.29262707,1.3223672,0.03753717,0.32231247,0.8272197,0.78794605,0.036622852,0.29262707,0.24525928,0.03753717,0.32231247,0.8272197,0.78794605,2.7236197408040366,0.27888507,0.50745803,2.4405112,0.347906,0.64460695,0.58940005,0.70476544,0.27888507,0.50745803,0.2831086,0.347906,0.64460695,0.58940005,0.70476544
11,1.5362296586235364,0.001,0.054269254,0.32551247,1.3021568,0.056773707,0.36559683,0.798911,0.7730063,0.054269254,0.32551247,0.23407279,0.056773707,0.36559683,0.798911,0.7730063,2.825568505525589,0.3088926,0.5270059,2.474631,0.54523814,0.7979071,0.41911662,0.60796237,0.3088926,0.5270059,0.3509373,0.54523814,0.7979071,0.41911662,0.60796237
12,1.5134685577948888,0.001,0.062983185,0.3461637,1.2854075,0.06638129,0.39673662,0.7590557,0.7553683,0.062983185,0.3461637,0.2280609,0.06638129,0.39673662,0.7590557,0.7553683,2.6163289129734038,0.27318743,0.53409463,2.337745,0.36502814,0.7019517,0.5296337,0.6904987,0.27318743,0.53409463,0.27858418,0.36502814,0.7019517,0.5296337,0.6904987
13,1.51154189825058,0.001,0.0701987,0.35606375,1.2873728,0.0741522,0.41033107,0.7358583,0.74754447,0.0701987,0.35606375,0.22416905,0.0741522,0.41033107,0.7358583,0.74754447,2.615066969792048,0.30832732,0.5194602,2.3425407,0.4111408,0.63185745,0.5578302,0.7446207,0.30832732,0.5194602,0.2725262,0.4111408,0.63185745,0.5578302,0.7446207
14,1.5071792701880138,0.001,0.07299821,0.36497772,1.2853149,0.07813153,0.42466056,0.73313165,0.74449277,0.07299821,0.36497772,0.22186433,0.07813153,0.42466056,0.73313165,0.74449277,2.7375108567873636,0.33251488,0.5391267,2.4430041,0.53514683,0.7323301,0.46991527,0.6711987,0.33251488,0.5391267,0.29450673,0.53514683,0.7323301,0.46991527,0.6711987
15,1.4931608817974726,0.001,0.07924181,0.36909014,1.273,0.08571383,0.42930025,0.7332767,0.7453407,0.07924181,0.36909014,0.22016093,0.08571383,0.42930025,0.7332767,0.7453407,2.6044121380647023,0.2893723,0.53349257,2.3225586,0.410697,0.6741833,0.5020027,0.7188604,0.2893723,0.53349257,0.28185335,0.410697,0.6741833,0.5020027,0.7188604
16,1.4764542013406754,0.001,0.087124296,0.3750231,1.259834,0.094660126,0.43918645,0.7147611,0.7415367,0.087124296,0.3750231,0.21662009,0.094660126,0.43918645,0.7147611,0.7415367,2.6089144986867905,0.30758172,0.53112626,2.3233953,0.4544652,0.683535,0.4943187,0.7042258,0.30758172,0.53112626,0.2855191,0.4544652,0.683535,0.4943187,0.7042258
17,1.4725618814428647,0.001,0.09324922,0.3917225,1.2606761,0.10253739,0.4601223,0.7019566,0.7430368,0.09324922,0.3917225,0.21188563,0.10253739,0.4601223,0.7019566,0.7430368,2.525350716114044,0.2594163,0.5334896,2.264336,0.31878787,0.6592301,0.5910569,0.7364474,0.2594163,0.5334896,0.26101467,0.31878787,0.6592301,0.5910569,0.7364474
18,1.4770222154259682,0.001,0.08964053,0.3910144,1.2615812,0.098459356,0.45829192,0.7051034,0.7468107,0.08964053,0.3910144,0.21544111,0.098459356,0.45829192,0.7051034,0.7468107,2.5518284753958387,0.29101807,0.54755795,2.2803283,0.4024738,0.7206416,0.5182951,0.69476193,0.29101807,0.54755795,0.27150047,0.4024738,0.7206416,0.5182951,0.69476193
19,1.4619252813855805,0.001,0.10084702,0.39954746,1.253443,0.112443514,0.47187567,0.69740033,0.74243146,0.10084702,0.39954746,0.20848212,0.112443514,0.47187567,0.69740033,0.74243146,2.5387727850675583,0.23753032,0.501323,2.2795997,0.26365122,0.5876584,0.71239233,0.7734429,0.23753032,0.501323,0.25917318,0.26365122,0.5876584,0.71239233,0.7734429
20,1.4445897350708643,0.001,0.10127187,0.401407,1.2385583,0.11256753,0.4749593,0.69026077,0.7406854,0.10127187,0.401407,0.2060315,0.11256753,0.4749593,0.69026077,0.7406854,2.5059419109423957,0.2420559,0.51327544,2.2406106,0.28381473,0.60409003,0.6295154,0.773221,0.2420559,0.51327544,0.26533124,0.28381473,0.60409003,0.6295154,0.773221
21,1.4435575380921364,0.001,0.10608279,0.40724412,1.2385696,0.1196,0.481322,0.69049513,0.7456788,0.10608279,0.40724412,0.2049879,0.1196,0.481322,0.69049513,0.7456788,2.4964768360058467,0.2690122,0.52388203,2.2360194,0.33031595,0.6447562,0.6008873,0.7359921,0.2690122,0.52388203,0.26045728,0.33031595,0.6447562,0.6008873,0.7359921
22,1.456304446955522,0.001,0.10051021,0.40677243,1.2487639,0.11280997,0.48121578,0.6905569,0.7444193,0.10051021,0.40677243,0.20754054,0.11280997,0.48121578,0.6905569,0.7444193,2.4941988561550774,0.24663012,0.5311899,2.241722,0.2804185,0.64708066,0.6775331,0.74774206,0.24663012,0.5311899,0.25247663,0.2804185,0.64708066,0.6775331,0.74774206
23,1.4238325657447177,0.001,0.106046185,0.41448215,1.2236246,0.12031782,0.4922129,0.6791205,0.74293673,0.106046185,0.41448215,0.2002081,0.12031782,0.4922129,0.6791205,0.74293673,2.451747093995412,0.2803486,0.5231103,2.2013788,0.3361696,0.6344917,0.6358542,0.74876726,0.2803486,0.5231103,0.2503683,0.3361696,0.6344917,0.6358542,0.74876726
24,1.434505024254322,0.001,0.10835466,0.41579223,1.2337296,0.12161808,0.49007434,0.68745,0.7493829,0.10835466,0.41579223,0.20077537,0.12161808,0.49007434,0.68745,0.7493829,2.510449080467224,0.25219452,0.4952693,2.2494855,0.282983,0.5720295,0.70335925,0.78668475,0.25219452,0.4952693,0.26096344,0.282983,0.5720295,0.70335925,0.78668475
25,1.4179462150732678,0.001,0.11103831,0.41607678,1.2195777,0.12596148,0.49226037,0.68272495,0.74684346,0.11103831,0.41607678,0.1983687,0.12596148,0.49226037,0.68272495,0.74684346,2.5002970880270006,0.20177007,0.5396285,2.2477236,0.21760315,0.674984,0.73958147,0.7288134,0.20177007,0.5396285,0.25257367,0.21760315,0.674984,0.73958147,0.7288134
26,1.4196921686331432,0.001,0.11269291,0.42595768,1.220991,0.12873018,0.50491303,0.6864046,0.7519391,0.11269291,0.42595768,0.19870116,0.12873018,0.50491303,0.6864046,0.7519391,2.4980117187897366,0.29508924,0.5347117,2.2356896,0.39071977,0.6762403,0.557814,0.7189684,0.29508924,0.5347117,0.2623222,0.39071977,0.6762403,0.557814,0.7189684
27,1.397328051030636,0.001,0.11770445,0.42543614,1.2034748,0.13652952,0.5071175,0.6708511,0.7454693,0.11770445,0.42543614,0.19385323,0.13652952,0.5071175,0.6708511,0.7454693,2.466924238006274,0.29998046,0.54827523,2.2184896,0.3707948,0.6875844,0.61516213,0.7298182,0.29998046,0.54827523,0.24843451,0.3707948,0.6875844,0.61516213,0.7298182
28,1.4030679681897165,0.001,0.11408794,0.42841846,1.2079216,0.13103037,0.50799227,0.6794368,0.75268704,0.11408794,0.42841846,0.19514619,0.13103037,0.50799227,0.6794368,0.75268704,2.448527498245239,0.25932947,0.53595185,2.204752,0.29466128,0.6619303,0.6872176,0.7374941,0.25932947,0.53595185,0.24377576,0.29466128,0.6619303,0.6872176,0.7374941
29,1.4039081675807634,0.001,0.11690239,0.4361742,1.2118833,0.13443416,0.5161544,0.67545044,0.7548633,0.11690239,0.4361742,0.1920248,0.13443416,0.5161544,0.67545044,0.7548633,2.453064632018407,0.28846127,0.54085815,2.205513,0.35137856,0.6641569,0.62222946,0.74429333,0.28846127,0.54085815,0.24755147,0.35137856,0.6641569,0.62222946,0.74429333
30,1.397575056552887,0.001,0.11792949,0.43891495,1.2055696,0.13637608,0.5219672,0.6691563,0.75255144,0.11792949,0.43891495,0.19200546,0.13637608,0.5219672,0.6691563,0.75255144,2.4336149579286577,0.24778295,0.52477956,2.183138,0.28275132,0.62513375,0.67610955,0.76568884,0.24778295,0.52477956,0.25047702,0.28275132,0.62513375,0.67610955,0.76568884
31,1.3802512810627618,0.001,0.1256442,0.43916452,1.1915382,0.1454314,0.5203738,0.6630618,0.7548051,0.1256442,0.43916452,0.18871297,0.1454314,0.5203738,0.6630618,0.7548051,2.4357972943782804,0.22230479,0.5191487,2.1840007,0.24642909,0.6007223,0.7031228,0.7924092,0.22230479,0.5191487,0.25179642,0.24642909,0.6007223,0.7031228,0.7924092
32,1.378664932549,0.001,0.118711784,0.44341457,1.1899654,0.13640448,0.5262948,0.68194866,0.75562334,0.118711784,0.44341457,0.18869957,0.13640448,0.5262948,0.68194866,0.75562334,2.426185779174169,0.22113663,0.51362634,2.1765015,0.24321398,0.59883523,0.7163026,0.78291523,0.22113663,0.51362634,0.2496844,0.24321398,0.59883523,0.7163026,0.78291523
33,1.3742796155810355,0.001,0.12419671,0.44748074,1.188329,0.14296663,0.53198457,0.6719961,0.75475144,0.12419671,0.44748074,0.18595067,0.14296663,0.53198457,0.6719961,0.75475144,2.4270680397748947,0.26253265,0.5368239,2.180734,0.30313182,0.6582079,0.669925,0.7442769,0.26253265,0.5368239,0.24633412,0.30313182,0.6582079,0.669925,0.7442769
34,1.3657479703426363,0.001,0.1264748,0.4496732,1.18065,0.14597292,0.5347659,0.6723697,0.75644934,0.1264748,0.4496732,0.18509796,0.14597292,0.5347659,0.6723697,0.75644934,2.4147464263439176,0.23475128,0.5297781,2.1729097,0.2569545,0.6227437,0.7342055,0.7797143,0.23475128,0.5297781,0.24183671,0.2569545,0.6227437,0.7342055,0.7797143
35,1.3578442088762919,0.001,0.13279843,0.45640504,1.17484,0.15716875,0.54385436,0.6692828,0.7585634,0.13279843,0.45640504,0.18300417,0.15716875,0.54385436,0.6692828,0.7585634,2.42446168700854,0.2645012,0.5306313,2.1778626,0.30315787,0.63120437,0.6815545,0.7687404,0.2645012,0.5306313,0.24659899,0.30315787,0.63120437,0.6815545,0.7687404
36,1.3341269089778265,0.001,0.13422357,0.46169972,1.1561679,0.1568983,0.54871327,0.66914815,0.7615516,0.13422357,0.46169972,0.177959,0.1568983,0.54871327,0.66914815,0.7615516,2.4713742713133495,0.29801312,0.5459899,2.2256813,0.3569274,0.68595356,0.6466408,0.72762465,0.29801312,0.5459899,0.24569309,0.3569274,0.68595356,0.6466408,0.72762465
37,1.3383673098683357,0.001,0.12993908,0.46604955,1.1587934,0.15274389,0.55376667,0.6680253,0.76274025,0.12993908,0.46604955,0.17957392,0.15274389,0.55376667,0.6680253,0.76274025,2.4018769675493243,0.23094364,0.52418363,2.1556256,0.2596202,0.6136022,0.68699634,0.7826499,0.23094364,0.52418363,0.24625145,0.2596202,0.6136022,0.68699634,0.7826499
38,1.3242585183183353,0.001,0.13545936,0.46460277,1.1476271,0.16011232,0.5537667,0.6631559,0.7583375,0.13545936,0.46460277,0.17663145,0.16011232,0.5537667,0.6631559,0.7583375,2.418411295612653,0.27734965,0.548789,2.171285,0.3365819,0.6868757,0.61913496,0.73200405,0.27734965,0.548789,0.24712652,0.3365819,0.6868757,0.61913496,0.73200405
39,1.3302964084347089,0.001,0.13671812,0.4665532,1.1530457,0.15964961,0.554247,0.66702616,0.76308286,0.13671812,0.4665532,0.17725079,0.15964961,0.554247,0.66702616,0.76308286,2.42267273525397,0.25235868,0.52515197,2.1752007,0.28625017,0.6151198,0.6880907,0.78181034,0.25235868,0.52515197,0.24747185,0.28625017,0.6151198,0.6880907,0.78181034
40,1.3379872847596803,0.001,0.14112669,0.47349882,1.1623625,0.16675952,0.56219304,0.6686896,0.7663202,0.14112669,0.47349882,0.17562479,0.16675952,0.56219304,0.6686896,0.7663202,2.4132091389099757,0.2431024,0.53681844,2.171206,0.2700501,0.64123726,0.71390104,0.7668041,0.2431024,0.53681844,0.24200338,0.2700501,0.64123726,0.71390104,0.7668041
41,1.3308959331115087,0.001,0.14080662,0.47168976,1.1561682,0.1669723,0.5624585,0.66665876,0.761433,0.14080662,0.47168976,0.17472768,0.1669723,0.5624585,0.66665876,0.761433,2.392848195632299,0.23817807,0.52130705,2.1506538,0.2617569,0.60328376,0.73070204,0.79310405,0.23817807,0.52130705,0.24219432,0.2617569,0.60328376,0.73070204,0.79310405
42,1.3089772885044417,0.001,0.14517671,0.4757655,1.1382706,0.17282647,0.5669198,0.66184175,0.76328117,0.14517671,0.4757655,0.17070684,0.17282647,0.5669198,0.66184175,0.76328117,2.4364789295196534,0.29168165,0.54028183,2.1903043,0.35194796,0.654281,0.63418627,0.7555798,0.29168165,0.54028183,0.24617468,0.35194796,0.654281,0.63418627,0.7555798
43,1.3025555286804835,0.001,0.14780194,0.47833753,1.1324222,0.17579785,0.56868887,0.66303754,0.76637125,0.14780194,0.47833753,0.17013343,0.17579785,0.56868887,0.66303754,0.76637125,2.4120015106598536,0.29329282,0.5508132,2.1705914,0.35603768,0.6838697,0.62970126,0.7386779,0.29329282,0.5508132,0.24141026,0.35603768,0.6838697,0.62970126,0.7386779
44,1.296814075112343,0.001,0.1424517,0.4812556,1.1280687,0.17140904,0.5720737,0.6672455,0.767543,0.1424517,0.4812556,0.16874549,0.17140904,0.5720737,0.6672455,0.767543,2.4147531880935036,0.25156903,0.5326688,2.1741247,0.2814536,0.6309396,0.7074241,0.7735572,0.25156903,0.5326688,0.24062847,0.2814536,0.6309396,0.7074241,0.7735572
45,1.3075449722011885,0.001,0.14569435,0.48501247,1.1386533,0.17477581,0.5764418,0.6604173,0.76916194,0.14569435,0.48501247,0.16889176,0.17477581,0.5764418,0.6604173,0.76916194,2.4043108870585757,0.25046,0.5226089,2.1585207,0.28023112,0.6092241,0.7080586,0.78616905,0.25046,0.5226089,0.24579044,0.28023112,0.6092241,0.7080586,0.78616905
46,1.2989619748791057,0.001,0.14788747,0.48590326,1.1309681,0.17705403,0.57995284,0.65627706,0.7653712,0.14788747,0.48590326,0.16799392,0.17705403,0.57995284,0.65627706,0.7653712,2.4135433671871818,0.25813252,0.52287155,2.1642733,0.29051858,0.6108485,0.70200926,0.78358096,0.25813252,0.52287155,0.2492701,0.29051858,0.6108485,0.70200926,0.78358096
47,1.2943960645794867,0.001,0.14440523,0.48789823,1.1271397,0.17140189,0.5789419,0.6631076,0.7716147,0.14440523,0.48789823,0.16725633,0.17140189,0.5789419,0.6631076,0.7716147,2.410813585321108,0.29992244,0.5573131,2.1692042,0.37102067,0.7036469,0.61659986,0.72777605,0.29992244,0.5573131,0.24160925,0.37102067,0.7036469,0.61659986,0.72777605
48,1.2928096120556196,0.001,0.15417966,0.49562338,1.1273497,0.18792486,0.5923935,0.6585934,0.7679457,0.15417966,0.49562338,0.16546,0.18792486,0.5923935,0.6585934,0.7679457,2.3770628406604133,0.26995772,0.5352794,2.1390376,0.30844203,0.6415434,0.68789005,0.76350665,0.26995772,0.5352794,0.23802547,0.30844203,0.6415434,0.68789005,0.76350665
49,1.2852174028754233,0.001,0.14835769,0.49699396,1.1208922,0.1783643,0.58946586,0.66314316,0.77561426,0.14835769,0.49699396,0.16432515,0.1783643,0.58946586,0.66314316,0.77561426,2.394059667785962,0.28534824,0.55793154,2.1524167,0.3359872,0.7156445,0.6573485,0.7164749,0.28534824,0.55793154,0.24164295,0.3359872,0.7156445,0.6573485,0.7164749
50,1.2821478401621182,0.001,0.15282592,0.5000458,1.118334,0.18576473,0.59539807,0.65369195,0.7727341,0.15282592,0.5000458,0.16381365,0.18576473,0.59539807,0.65369195,0.7727341,2.376135891874631,0.20543809,0.5061659,2.1282682,0.2197618,0.5726595,0.76413506,0.8132075,0.20543809,0.5061659,0.24786763,0.2197618,0.5726595,0.76413506,0.8132075
51,1.2680492424964904,0.001,0.15410206,0.49664658,1.1058583,0.18674877,0.59216785,0.6574663,0.7704874,0.15410206,0.49664658,0.16219093,0.18674877,0.59216785,0.6574663,0.7704874,2.4132169655958813,0.28972173,0.54861146,2.1643605,0.35513383,0.6919835,0.6177513,0.72590286,0.28972173,0.54861146,0.24885625,0.35513383,0.6919835,0.6177513,0.72590286
52,1.253463182747364,0.001,0.15819296,0.50277865,1.094572,0.19251698,0.59885883,0.6567266,0.77357054,0.15819296,0.50277865,0.15889123,0.19251698,0.59885883,0.6567266,0.77357054,2.3909912184874216,0.29110056,0.5548354,2.1539435,0.34578168,0.68582624,0.65122074,0.7434989,0.29110056,0.5548354,0.23704799,0.34578168,0.68582624,0.65122074,0.7434989
53,1.2458927502234776,0.001,0.15819925,0.50684,1.0884669,0.19344634,0.60420537,0.65540564,0.77393246,0.15819925,0.50684,0.15742597,0.19344634,0.60420537,0.65540564,0.77393246,2.417781677444776,0.32192296,0.55886126,2.1750274,0.4108588,0.7044114,0.6017646,0.729544,0.32192296,0.55886126,0.2427544,0.4108588,0.7044114,0.6017646,0.729544
54,1.2391476593414943,0.001,0.16420731,0.51031995,1.0822029,0.19901533,0.605575,0.66236055,0.7783681,0.16420731,0.51031995,0.1569447,0.19901533,0.605575,0.66236055,0.7783681,2.4054375292857486,0.28399834,0.5301786,2.1636302,0.32961386,0.62632775,0.6753917,0.774981,0.28399834,0.5301786,0.24180731,0.32961386,0.62632775,0.6753917,0.774981
55,1.2360484568277994,0.001,0.17085756,0.5122942,1.0816514,0.21022542,0.6109728,0.6486844,0.7745862,0.17085756,0.5122942,0.15439703,0.21022542,0.6109728,0.6486844,0.7745862,2.3960310439268744,0.29175258,0.5579566,2.1567883,0.35414642,0.6971638,0.6286578,0.7358798,0.29175258,0.5579566,0.23924264,0.35414642,0.6971638,0.6286578,0.7358798
56,1.2368787505229313,0.001,0.1602588,0.5080707,1.0802015,0.19722556,0.6054182,0.6632971,0.7757894,0.1602588,0.5080707,0.15667723,0.19722556,0.6054182,0.6632971,0.7757894,2.396286322673162,0.2447925,0.53772944,2.1522026,0.2782023,0.6387838,0.68171287,0.77248454,0.2447925,0.53772944,0.24408385,0.2782023,0.6387838,0.68171287,0.77248454
57,1.2324452980359397,0.001,0.16607083,0.5148377,1.0767955,0.20481701,0.6145431,0.6579906,0.776381,0.16607083,0.5148377,0.15564978,0.20481701,0.6145431,0.6579906,0.776381,2.439838109811147,0.31094885,0.55002785,2.1944377,0.3958276,0.6819788,0.59691155,0.73940367,0.31094885,0.55002785,0.24540035,0.3958276,0.6819788,0.59691155,0.73940367
58,1.2339587142070134,0.001,0.17087314,0.51534903,1.0798814,0.20998108,0.61516595,0.65494794,0.77432793,0.17087314,0.51534903,0.15407717,0.20998108,0.61516595,0.65494794,0.77432793,2.388587576945623,0.21784392,0.5296828,2.1459394,0.23689507,0.6184512,0.7355125,0.78615797,0.21784392,0.5296828,0.24264824,0.23689507,0.6184512,0.7355125,0.78615797
59,1.223582866191864,0.001,0.16744153,0.5167185,1.0706239,0.20686704,0.6148777,0.65888596,0.7784562,0.16744153,0.5167185,0.15295899,0.20686704,0.6148777,0.65888596,0.7784562,2.4004056062301,0.2952921,0.5462517,2.1582463,0.3494162,0.67532146,0.6592337,0.7404088,0.2952921,0.5462517,0.24215943,0.3494162,0.67532146,0.6592337,0.7404088
60,1.2328709653019905,0.001,0.16548486,0.5161687,1.078309,0.20168935,0.613224,0.6596302,0.77928734,0.16548486,0.5161687,0.154562,0.20168935,0.613224,0.6596302,0.77928734,2.4259303840001425,0.28899005,0.55379665,2.1885011,0.34299785,0.68030965,0.650626,0.7482871,0.28899005,0.55379665,0.23742911,0.34299785,0.68030965,0.650626,0.7482871
61,1.2226990871628125,0.001,0.16696885,0.52495676,1.071156,0.20206682,0.6225976,0.65521675,0.78237325,0.16696885,0.52495676,0.15154292,0.20206682,0.6225976,0.65521675,0.78237325,2.389946035146713,0.23246884,0.526819,2.1506515,0.25214058,0.6163968,0.75249565,0.7834083,0.23246884,0.526819,0.23929441,0.25214058,0.6163968,0.75249565,0.7834083
62,1.209653105934461,0.001,0.17382699,0.5226583,1.059469,0.21665213,0.62319535,0.6506552,0.7780055,0.17382699,0.5226583,0.15018412,0.21665213,0.62319535,0.6506552,0.7780055,2.398435499668121,0.28278044,0.5395272,2.159321,0.3300689,0.63689506,0.667359,0.77875656,0.28278044,0.5395272,0.23911446,0.3300689,0.63689506,0.667359,0.77875656
63,1.2057762957612672,0.001,0.16981435,0.52681434,1.0565054,0.20750327,0.6254188,0.663954,0.7822626,0.16981435,0.52681434,0.14927098,0.20750327,0.6254188,0.663954,0.7822626,2.360388804872831,0.22711954,0.5460141,2.1227818,0.24819288,0.65628904,0.7315772,0.76441723,0.22711954,0.5460141,0.23760709,0.24819288,0.65628904,0.7315772,0.76441723
64,1.2012120193243028,0.001,0.17595235,0.52603513,1.052217,0.21898781,0.62749124,0.64923495,0.77946204,0.17595235,0.52603513,0.14899492,0.21898781,0.62749124,0.64923495,0.77946204,2.4108602356910707,0.27297044,0.53186524,2.1649327,0.3169114,0.62528753,0.6703948,0.780255,0.27297044,0.53186524,0.2459275,0.3169114,0.62528753,0.6703948,0.780255
65,1.1966033422946931,0.001,0.16945583,0.5224444,1.0482979,0.21008193,0.6228133,0.6510308,0.7781417,0.16945583,0.5224444,0.14830548,0.21008193,0.6228133,0.6510308,0.7781417,2.3780707683165865,0.29096282,0.55372536,2.1430168,0.34390688,0.67981696,0.6582411,0.7485544,0.29096282,0.55372536,0.23505387,0.34390688,0.67981696,0.6582411,0.7485544
66,1.1970753146211308,0.001,0.1745213,0.52383447,1.0484405,0.21523069,0.624211,0.6624337,0.77967274,0.1745213,0.52383447,0.14863475,0.21523069,0.624211,0.6624337,0.77967274,2.4076053935289385,0.28292742,0.549295,2.1692958,0.33459377,0.66324335,0.6536255,0.76164633,0.28292742,0.549295,0.2383098,0.33459377,0.66324335,0.6536255,0.76164633
67,1.1961516095201175,0.001,0.1761254,0.53014904,1.0494184,0.21601225,0.6290964,0.65709126,0.7839304,0.1761254,0.53014904,0.14673324,0.21601225,0.6290964,0.65709126,0.7839304,2.4216030126810075,0.32462788,0.55957294,2.180503,0.40883118,0.71064156,0.6141505,0.7242029,0.32462788,0.55957294,0.24110004,0.40883118,0.71064156,0.6141505,0.7242029
68,1.182634819348653,0.001,0.17719969,0.5326117,1.0367553,0.22097945,0.6350968,0.64794314,0.78109586,0.17719969,0.5326117,0.1458795,0.22097945,0.6350968,0.64794314,0.78109586,2.3709444904327395,0.31497338,0.5576447,2.132155,0.40020844,0.7056886,0.60142493,0.72614646,0.31497338,0.5576447,0.23878953,0.40020844,0.7056886,0.60142493,0.72614646
69,1.1827158282200496,0.001,0.17824757,0.5324452,1.0363568,0.21924436,0.6324593,0.66100156,0.7844702,0.17824757,0.5324452,0.14635907,0.21924436,0.6324593,0.66100156,0.7844702,2.367161139647166,0.27847123,0.54030764,2.1321726,0.31722522,0.6396371,0.6987126,0.7763537,0.27847123,0.54030764,0.23498864,0.31722522,0.6396371,0.6987126,0.7763537
70,1.1610640076796213,0.001,0.17936197,0.5391966,1.0172559,0.22462223,0.642022,0.6538909,0.784572,0.17936197,0.5391966,0.14380811,0.22462223,0.642022,0.6538909,0.784572,2.3742132941881815,0.26562256,0.5441764,2.1357589,0.30214444,0.65423137,0.6922568,0.7635699,0.26562256,0.5441764,0.23845431,0.30214444,0.65423137,0.6922568,0.7635699
71,1.167908243338267,0.001,0.18311599,0.54011726,1.0244844,0.22993617,0.64409274,0.64799845,0.7828759,0.18311599,0.54011726,0.14342389,0.22993617,0.64409274,0.64799845,0.7828759,2.3680417090654373,0.2262694,0.5426344,2.1321201,0.24489412,0.6461357,0.75049734,0.771531,0.2262694,0.5426344,0.2359217,0.24489412,0.6461357,0.75049734,0.771531
72,1.1617392412821452,0.001,0.18200089,0.5372703,1.0186573,0.22879687,0.64041793,0.6566789,0.7837938,0.18200089,0.5372703,0.14308184,0.22879687,0.64041793,0.6566789,0.7837938,2.386190872589747,0.29162353,0.548182,2.1500807,0.3425697,0.6609322,0.66693807,0.7624248,0.29162353,0.548182,0.23611033,0.3425697,0.6609322,0.66693807,0.7624248
73,1.1591740155220032,0.001,0.18563642,0.5394406,1.0174817,0.22913982,0.6430504,0.65804124,0.7824439,0.18563642,0.5394406,0.14169225,0.22913982,0.6430504,0.65804124,0.7824439,2.422905398607254,0.31436777,0.5542133,2.1840796,0.38778624,0.6887102,0.6274035,0.73923254,0.31436777,0.5542133,0.23882598,0.38778624,0.6887102,0.6274035,0.73923254
74,1.1523850606878598,0.001,0.18723696,0.542815,1.0110571,0.23365748,0.6448472,0.6553895,0.7875095,0.18723696,0.542815,0.141328,0.23365748,0.6448472,0.6553895,0.7875095,2.3632563074429833,0.2482349,0.53593683,2.124775,0.27649957,0.6305512,0.71443474,0.78079224,0.2482349,0.53593683,0.23848152,0.27649957,0.6305512,0.71443474,0.78079224
75,1.147129625082016,0.001,0.18429388,0.54209346,1.0067177,0.22948493,0.64583796,0.6558269,0.7845367,0.18429388,0.54209346,0.14041205,0.22948493,0.64583796,0.6558269,0.7845367,2.3570526234308877,0.29598913,0.5515337,2.12209,0.3504851,0.66650116,0.6592537,0.7613107,0.29598913,0.5515337,0.23496257,0.3504851,0.66650116,0.6592537,0.7613107
76,1.1481970121463139,0.001,0.18357584,0.5435064,1.0075445,0.23057267,0.644761,0.65062004,0.7886954,0.18357584,0.5435064,0.14065243,0.23057267,0.644761,0.65062004,0.7886954,2.3906742014487583,0.29671264,0.55539274,2.1566803,0.34959233,0.6732657,0.6651031,0.75977325,0.29671264,0.55539274,0.23399407,0.34959233,0.6732657,0.6651031,0.75977325
77,1.1461648970842362,0.001,0.1873152,0.5440575,1.0064203,0.23296326,0.6481752,0.6547147,0.78435147,0.1873152,0.5440575,0.13974467,0.23296326,0.6481752,0.6547147,0.78435147,2.3854129405816398,0.269776,0.5436909,2.1463923,0.30917072,0.6540333,0.6829553,0.76266396,0.269776,0.5436909,0.23902057,0.30917072,0.6540333,0.6829553,0.76266396
78,1.1546378938357036,0.001,0.1894609,0.5440349,1.0139861,0.23444967,0.6455637,0.6574952,0.7879567,0.1894609,0.5440349,0.14065163,0.23444967,0.6455637,0.6574952,0.7879567,2.3890204387903218,0.2804891,0.5593514,2.151732,0.32887977,0.6914692,0.66033137,0.7448236,0.2804891,0.5593514,0.23728848,0.32887977,0.6914692,0.66033137,0.7448236
79,1.1465278125802676,0.001,0.18581174,0.542325,1.0065548,0.23131564,0.64685845,0.6545565,0.7827892,0.18581174,0.542325,0.13997295,0.23131564,0.64685845,0.6545565,0.7827892,2.366741784413655,0.2749555,0.5432166,2.1289225,0.3188203,0.65239584,0.6719566,0.7638624,0.2749555,0.5432166,0.23781914,0.3188203,0.65239584,0.6719566,0.7638624
80,1.1416972228884696,0.001,0.1910174,0.5475537,1.00316,0.23720396,0.65052545,0.65563136,0.787216,0.1910174,0.5475537,0.13853717,0.23720396,0.65052545,0.65563136,0.787216,2.4442828287680944,0.2894569,0.55585396,2.1995225,0.34588826,0.71409273,0.64343417,0.7145604,0.2894569,0.55585396,0.24476045,0.34588826,0.71409273,0.64343417,0.7145604
81,1.1389546529452006,0.001,0.18291414,0.54592717,0.9994286,0.22586782,0.6470717,0.66100734,0.79018414,0.18291414,0.54592717,0.1395261,0.22586782,0.6470717,0.66100734,0.79018414,2.3841898882389065,0.25529867,0.5256448,2.1440563,0.2833216,0.6074329,0.7237965,0.79535526,0.25529867,0.5256448,0.24013355,0.2833216,0.6074329,0.7237965,0.79535526
82,1.1468048576513925,0.001,0.19311677,0.54872084,1.0071702,0.24276282,0.6536224,0.656269,0.78687334,0.19311677,0.54872084,0.13963467,0.24276282,0.6536224,0.656269,0.78687334,2.4136333227157594,0.28960812,0.55796015,2.175701,0.3511444,0.6896116,0.6274328,0.7444002,0.28960812,0.55796015,0.23793215,0.3511444,0.6896116,0.6274328,0.7444002
83,1.1384786052505176,0.001,0.19308573,0.54809314,1.0000727,0.23828427,0.6508627,0.65807486,0.787936,0.19308573,0.54809314,0.13840595,0.23828427,0.6508627,0.65807486,0.787936,2.3648673874139785,0.313753,0.55583537,2.1295986,0.3926046,0.67851,0.613655,0.75407827,0.313753,0.55583537,0.23526865,0.3926046,0.67851,0.613655,0.75407827
84,1.1274221549431482,0.001,0.19169636,0.54698855,0.99077904,0.23954254,0.6520802,0.65502816,0.78474,0.19169636,0.54698855,0.13664319,0.23954254,0.6520802,0.65502816,0.78474,2.3858041667938235,0.3094117,0.5525053,2.1475077,0.38565907,0.67856944,0.6144769,0.7479374,0.3094117,0.5525053,0.23829639,0.38565907,0.67856944,0.6144769,0.7479374
85,1.1213504255811373,0.001,0.18996447,0.5459148,0.98482746,0.23813859,0.651106,0.65249836,0.7844783,0.18996447,0.5459148,0.13652298,0.23813859,0.651106,0.65249836,0.7844783,2.372836473782858,0.27021486,0.54803044,2.1389866,0.30477,0.66190904,0.7065844,0.7606202,0.27021486,0.54803044,0.23384976,0.30477,0.66190904,0.7065844,0.7606202
86,1.1324704651037851,0.001,0.1889274,0.55076563,0.9948849,0.23513266,0.6529889,0.6581541,0.7905651,0.1889274,0.55076563,0.13758567,0.23513266,0.6529889,0.6581541,0.7905651,2.395323798259099,0.2946347,0.53818965,2.1564202,0.34660387,0.6343837,0.6666248,0.7799202,0.2946347,0.53818965,0.23890358,0.34660387,0.6343837,0.6666248,0.7799202
87,1.0949324181675912,0.001,0.19825673,0.55471325,0.9613149,0.24949107,0.66083825,0.6534767,0.78733194,0.19825673,0.55471325,0.13361758,0.24949107,0.66083825,0.6534767,0.78733194,2.383789255221685,0.2859527,0.5537659,2.150319,0.33193484,0.67280734,0.67710507,0.7575184,0.2859527,0.5537659,0.2334699,0.33193484,0.67280734,0.67710507,0.7575184
88,1.1022698127230008,0.001,0.19548677,0.556656,0.9675284,0.24465635,0.65942496,0.6592035,0.7934181,0.19548677,0.556656,0.13474141,0.24465635,0.65942496,0.6592035,0.7934181,2.3872921919822696,0.27343613,0.54577243,2.1477005,0.31817973,0.65558374,0.6659507,0.7647803,0.27343613,0.54577243,0.23959184,0.31817973,0.65558374,0.6659507,0.7647803
89,1.1151448699831963,0.001,0.20090386,0.55711305,0.979305,0.25232092,0.6624993,0.6524159,0.78907186,0.20090386,0.55711305,0.13583988,0.25232092,0.6624993,0.6524159,0.78907186,2.415319456855456,0.30305505,0.5544075,2.1776118,0.36436296,0.6861408,0.64671195,0.7423263,0.30305505,0.5544075,0.23770794,0.36436296,0.6861408,0.64671195,0.7423263
90,1.1028759082158406,0.001,0.19811863,0.5580144,0.96855557,0.2489608,0.6625905,0.6554154,0.7913543,0.19811863,0.5580144,0.1343202,0.2489608,0.6625905,0.6554154,0.7913543,2.359905119538307,0.28915334,0.5522276,2.1270623,0.34022638,0.673681,0.66306853,0.753494,0.28915334,0.5522276,0.23284277,0.34022638,0.673681,0.66306853,0.753494
91,1.0902676715453468,0.001,0.20255989,0.5602569,0.95813197,0.2549289,0.66680896,0.6567944,0.78931874,0.20255989,0.5602569,0.13213567,0.2549289,0.66680896,0.6567944,0.78931874,2.3965202669302625,0.31227088,0.5549854,2.1558547,0.39033303,0.6866022,0.6129709,0.7425936,0.31227088,0.5549854,0.2406658,0.39033303,0.6866022,0.6129709,0.7425936
92,1.099901080727577,0.001,0.19602993,0.5598438,0.96623635,0.2439279,0.6632744,0.653563,0.7925664,0.19602993,0.5598438,0.13366465,0.2439279,0.6632744,0.653563,0.7925664,2.3843578898906705,0.2535894,0.54590875,2.145132,0.28411788,0.6612939,0.70617056,0.7573234,0.2535894,0.54590875,0.23922585,0.28411788,0.6612939,0.70617056,0.7573234
93,1.1029261418183645,0.001,0.20131147,0.55842125,0.96943015,0.25299782,0.66453135,0.6520731,0.7889176,0.20131147,0.55842125,0.13349602,0.25299782,0.66453135,0.6520731,0.7889176,2.3843855724732084,0.25877938,0.5339197,2.1444657,0.28919297,0.63216734,0.71353763,0.7741791,0.25877938,0.5339197,0.23991996,0.28919297,0.63216734,0.71353763,0.7741791
94,1.085326036910216,0.001,0.2010283,0.55678135,0.95395064,0.2501491,0.66175586,0.6530205,0.7884881,0.2010283,0.55678135,0.13137537,0.2501491,0.66175586,0.6530205,0.7884881,2.391685552398364,0.32769477,0.562082,2.1592858,0.40672952,0.6936035,0.63130796,0.7472664,0.32769477,0.562082,0.2323997,0.40672952,0.6936035,0.63130796,0.7472664
95,1.0958233213424682,0.001,0.19488049,0.55957955,0.9630227,0.24343705,0.6629326,0.6588496,0.79323554,0.19488049,0.55957955,0.13280065,0.24343705,0.6629326,0.6588496,0.79323554,2.373049539923668,0.28999388,0.5503231,2.1405318,0.33775792,0.66413236,0.67606103,0.76219946,0.28999388,0.5503231,0.2325176,0.33775792,0.66413236,0.67606103,0.76219946
96,1.0956678974628449,0.001,0.19854757,0.5574415,0.9621288,0.25118357,0.6630652,0.6509819,0.78925216,0.19854757,0.5574415,0.13353905,0.25118357,0.6630652,0.6509819,0.78925216,2.383057542244593,0.28391004,0.5463439,2.1475253,0.32726553,0.6541423,0.68650603,0.7677577,0.28391004,0.5463439,0.2355322,0.32726553,0.6541423,0.68650603,0.7677577
97,1.0826857460538546,0.001,0.20212606,0.5653652,0.9520674,0.2520526,0.67085457,0.66000545,0.7921206,0.20212606,0.5653652,0.13061844,0.2520526,0.67085457,0.66000545,0.7921206,2.379646888375282,0.27386785,0.5466857,2.1427717,0.3134024,0.65828526,0.6892866,0.76300037,0.27386785,0.5466857,0.23687497,0.3134024,0.65828526,0.6892866,0.76300037
98,1.0864384493231773,0.001,0.20058429,0.56311363,0.95580363,0.25095975,0.6680944,0.6570369,0.7915933,0.20058429,0.56311363,0.13063478,0.25095975,0.6680944,0.6570369,0.7915933,2.375468583703041,0.24238564,0.54071873,2.1385643,0.2659546,0.6416407,0.73527277,0.77425665,0.24238564,0.54071873,0.2369042,0.2659546,0.6416407,0.73527277,0.77425665
99,1.0874149356285732,0.001,0.19870791,0.5605035,0.9565373,0.24588898,0.66372067,0.6562677,0.79256016,0.19870791,0.5605035,0.13087761,0.24588898,0.66372067,0.6562677,0.79256016,2.3736995647350945,0.2628646,0.5444218,2.1382396,0.2942527,0.6417186,0.7153325,0.78170335,0.2628646,0.5444218,0.2354599,0.2942527,0.6417186,0.7153325,0.78170335
100,1.0970574167370795,0.001,0.20026201,0.56122375,0.96434355,0.24779718,0.666175,0.65765196,0.7913717,0.20026201,0.56122375,0.13271387,0.24779718,0.666175,0.65765196,0.7913717,2.369089979330699,0.2809347,0.5521702,2.1342502,0.32428694,0.6716914,0.68142843,0.75592387,0.2809347,0.5521702,0.23483959,0.32428694,0.6716914,0.68142843,0.75592387
101,1.0896623077988625,0.001,0.20046154,0.56218165,0.9587871,0.24654476,0.666731,0.6593029,0.79182184,0.20046154,0.56218165,0.1308753,0.24654476,0.666731,0.6593029,0.79182184,2.378158677816391,0.2879025,0.54694045,2.143495,0.33497536,0.65621084,0.67654645,0.7662937,0.2879025,0.54694045,0.23466364,0.33497536,0.65621084,0.67654645,0.7662937
102,1.0766033546129863,0.001,0.20154268,0.56068015,0.946548,0.25256914,0.66633105,0.6585092,0.7895816,0.20154268,0.56068015,0.13005534,0.25256914,0.66633105,0.6585092,0.7895816,2.3922145164012907,0.27262682,0.53995967,2.1518955,0.31098202,0.64207685,0.6915177,0.77210546,0.27262682,0.53995967,0.24031894,0.31098202,0.64207685,0.6915177,0.77210546
103,1.0907712554931641,0.001,0.2027198,0.5663575,0.9600483,0.24966589,0.6687035,0.6694167,0.79686815,0.2027198,0.5663575,0.13072295,0.24966589,0.6687035,0.6694167,0.79686815,2.4039414058128994,0.30703333,0.5622283,2.1641092,0.37863678,0.7081559,0.62154686,0.73137385,0.30703333,0.5622283,0.23983216,0.37863678,0.7081559,0.62154686,0.73137385
104,1.0588322545091313,0.001,0.2059088,0.56548774,0.9303772,0.2566325,0.6718876,0.6573338,0.79080635,0.2059088,0.56548774,0.12845504,0.2566325,0.6718876,0.6573338,0.79080635,2.3832675365606946,0.29097468,0.55807614,2.1496,0.33908612,0.68750215,0.67538714,0.74724436,0.29097468,0.55807614,0.2336673,0.33908612,0.68750215,0.67538714,0.74724436
105,1.053052206536134,0.001,0.2102106,0.5726787,0.9255812,0.2628854,0.6784318,0.6570195,0.79549706,0.2102106,0.5726787,0.12747085,0.2628854,0.6784318,0.6570195,0.79549706,2.376079681913058,0.28006324,0.5464431,2.1428819,0.3176504,0.6532074,0.7061501,0.7693508,0.28006324,0.5464431,0.23319797,0.3176504,0.6532074,0.7061501,0.7693508
106,1.0598206838965416,0.001,0.20347908,0.57044625,0.9312022,0.2509511,0.672765,0.662858,0.7986225,0.20347908,0.57044625,0.12861845,0.2509511,0.672765,0.662858,0.7986225,2.385028572678566,0.29535872,0.5567776,2.1489692,0.35246378,0.684189,0.65036404,0.7490823,0.29535872,0.5567776,0.23605932,0.35246378,0.684189,0.65036404,0.7490823
107,1.0478641388813654,0.001,0.21497503,0.5706989,0.9219603,0.2667961,0.67954445,0.6563138,0.78890073,0.21497503,0.5706989,0.12590386,0.2667961,0.67954445,0.6563138,0.78890073,2.3638763413826624,0.24975958,0.5287718,2.1248443,0.27526265,0.6145875,0.73285764,0.79079074,0.24975958,0.5287718,0.23903179,0.27526265,0.6145875,0.73285764,0.79079074
108,1.0524687478939692,0.001,0.20767352,0.57444906,0.9258593,0.25684428,0.67785144,0.65689903,0.7978858,0.20767352,0.57444906,0.1266095,0.25684428,0.67785144,0.65689903,0.7978858,2.418149425983429,0.29712045,0.5490135,2.181979,0.34901708,0.66040057,0.66986156,0.7645719,0.29712045,0.5490135,0.23617047,0.34901708,0.66040057,0.66986156,0.7645719
109,1.0448148374756177,0.001,0.20739953,0.56958973,0.919037,0.25828078,0.6750203,0.6547288,0.79389036,0.20739953,0.56958973,0.1257778,0.25828078,0.6750203,0.6547288,0.79389036,2.385006984472275,0.2995746,0.56006134,2.15162,0.3536549,0.6849932,0.6646097,0.7540443,0.2995746,0.56006134,0.23338723,0.3536549,0.6849932,0.6646097,0.7540443
110,1.0503900428613027,0.001,0.21107757,0.5706828,0.92420685,0.26201504,0.6757742,0.65808946,0.794829,0.21107757,0.5706828,0.12618327,0.26201504,0.6757742,0.65808946,0.794829,2.3902768850326535,0.26516584,0.54081476,2.1529076,0.29919466,0.64259875,0.70330656,0.7729465,0.26516584,0.54081476,0.23736922,0.29919466,0.64259875,0.70330656,0.7729465
111,1.053600600461165,0.001,0.21071321,0.57006097,0.9264636,0.25924802,0.6761434,0.6593232,0.79193187,0.21071321,0.57006097,0.12713686,0.25924802,0.6761434,0.6593232,0.79193187,2.3805469918251037,0.27207208,0.5488478,2.1460266,0.30791792,0.6615912,0.7035086,0.7623712,0.27207208,0.5488478,0.23452026,0.30791792,0.6615912,0.7035086,0.7623712
112,1.0485867156585056,0.001,0.20752385,0.57258517,0.92235124,0.25412333,0.67547005,0.65982246,0.7972244,0.20752385,0.57258517,0.12623544,0.25412333,0.67547005,0.65982246,0.7972244,2.396830789844195,0.2773717,0.5488493,2.1577754,0.3194659,0.6612972,0.68173087,0.7630092,0.2773717,0.5488493,0.23905529,0.3194659,0.6612972,0.68173087,0.7630092
113,1.063339709341526,0.001,0.21136302,0.57325137,0.9360682,0.26110005,0.6783725,0.65789866,0.7945013,0.21136302,0.57325137,0.12727147,0.26110005,0.6783725,0.65789866,0.7945013,2.397589565316836,0.30376968,0.5500957,2.1611423,0.3591075,0.66851306,0.66560805,0.75612354,0.30376968,0.5500957,0.23644733,0.3591075,0.66851306,0.66560805,0.75612354
114,1.0547312853733697,0.001,0.20851336,0.57886934,0.929081,0.2547682,0.6817509,0.66478467,0.79996896,0.20851336,0.57886934,0.12565023,0.2547682,0.6817509,0.66478467,0.79996896,2.414456298351288,0.29560065,0.5411252,2.1721396,0.35308278,0.64119124,0.65032893,0.77621126,0.29560065,0.5411252,0.24231654,0.35308278,0.64119124,0.65032893,0.77621126
115,1.0432729643583296,0.001,0.20768481,0.5728648,0.91859376,0.2571901,0.68006355,0.6543287,0.7916502,0.20768481,0.5728648,0.12467916,0.2571901,0.68006355,0.6543287,0.7916502,2.410188855131467,0.26233345,0.54431546,2.1719177,0.29264414,0.6642337,0.71980655,0.7503711,0.26233345,0.54431546,0.23827142,0.29264414,0.6642337,0.71980655,0.7503711
116,1.0418975474437078,0.001,0.20963001,0.5739485,0.9174956,0.2560779,0.6782516,0.6604816,0.7953972,0.20963001,0.5739485,0.12440191,0.2560779,0.6782516,0.6604816,0.7953972,2.3624203197161355,0.29642418,0.5606571,2.1315079,0.3479674,0.6862974,0.6697304,0.75330544,0.29642418,0.5606571,0.23091246,0.3479674,0.6862974,0.6697304,0.75330544
117,1.0530570737520852,0.001,0.20845436,0.57228434,0.9271666,0.2547988,0.6764188,0.6634824,0.79552037,0.20845436,0.57228434,0.12589055,0.2547988,0.6764188,0.6634824,0.79552037,2.391334280570348,0.30650634,0.54656005,2.1530542,0.36740845,0.6595925,0.6527805,0.7607317,0.30650634,0.54656005,0.23827974,0.36740845,0.6595925,0.6527805,0.7607317
118,1.0494502588113148,0.001,0.20655331,0.5750731,0.92336416,0.2528367,0.67929333,0.65377265,0.79582965,0.20655331,0.5750731,0.12608613,0.2528367,0.67929333,0.65377265,0.79582965,2.392330865661303,0.27316487,0.5472778,2.1551566,0.31282973,0.65728605,0.68682456,0.76545876,0.27316487,0.5472778,0.23717415,0.31282973,0.65728605,0.68682456,0.76545876
119,1.0480504947900773,0.001,0.21208775,0.57469034,0.9223629,0.26110655,0.67939067,0.6572894,0.7953421,0.21208775,0.57469034,0.12568754,0.26110655,0.67939067,0.6572894,0.7953421,2.3920312863588333,0.28112614,0.5372689,2.153369,0.32136816,0.6291809,0.6948155,0.78584874,0.28112614,0.5372689,0.2386624,0.32136816,0.6291809,0.6948155,0.78584874
